x1,x2,x3,x4,y
0.6377312092331238,1.4462119599174073,0.29563851058367563,1.1461719522959541,1
0.0503662181368606,-1.1916267123724607,-0.9322396317428616,-0.9399425245105867,0
-0.9876869239747165,-1.15091041873149,-1.646404144770891,-1.1406028820385108,0
-0.983082672274634,-0.23437554207539021,-0.15048483171898278,-0.1770759368838256,0
-0.39441359353075833,-1.6665565099400377,0.09606434164099642,-1.4762758924193013,0
-0.955805585532314,-0.9840059551249971,0.37398909782210765,-0.38018056684299617,0
-1.1285273111731404,-1.448394329091232,-1.2555116457035627,-0.5075828615010985,0
-1.020171991735943,-1.0688247639971293,-0.23652299237870011,-0.43685680449720987,0
0.7970417787129459,1.136092760465076,0.9560669797400442,0.7678552593834712,1
0.8307168148430988,0.9344372826102469,0.740511031715214,0.14502871548011714,1
-0.16170374883977723,0.0770090736500475,-1.182019150452012,-1.3367055488946464,0
1.9665054767749999,0.425492495168347,1.3622001764283045,2.304415295936816,1
0.17555179743125718,0.11224038528318435,-0.7354811034558995,0.8487467481926249,0
-0.8030856206859459,-0.01811017946901672,-0.1608322252661069,0.5711900826413446,0
-0.6350068535900043,-1.0404735606587843,-0.7153599379100958,0.18949408504893644,0
-0.4886561002276145,-1.151918187418234,-0.1994360890045198,-0.36308763273846667,0
1.2139101098698957,1.2749759351831706,1.6300249382634826,-0.13524275773814415,1
-0.9837307747969062,-1.0770605693244024,-1.7868411655003744,0.451530421406415,0
0.6651165024387802,0.418264031479305,0.8044373639519012,-0.2648014048021712,1
-1.199616866960772,-0.31592089512500043,-1.0915978347831319,0.6233283431899768,0
-0.3222714626825558,-0.2684222605791026,0.1639208745600141,-0.2736990445761365,0
2.191973683142926,1.0793880452097508,1.8393706526605795,-0.0940517040193626,1
-1.6354855596581306,-1.043465993747239,-0.9580728919748553,-0.1758260776054548,0
0.8461426755957271,-0.6500758755681003,0.8561360158528847,1.1660592532498002,1
0.37217266044838637,-0.0731076844090589,0.20395276783664754,0.8409494809061608,1
0.30493023019725907,0.12773981018485006,-1.1588352853817918,0.99540372169214,0
0.1672231726453844,-0.5883055978576549,0.5656686915995534,-0.12061437071732783,0
0.02367206592689927,-0.44796539599193436,0.5046065474920491,0.6154775698604261,0
1.8638504349983287,1.381015425590073,1.1699485859641503,0.3630857582528067,1
-1.0644719963598348,-1.138042496620593,-2.3503415522986137,-0.8708564995761139,0
-1.101723137868819,0.21982027507245805,-1.0441553532409242,0.11983026774636783,0
1.616433247017303,1.4254192946786994,0.8822328657418921,1.2444955308630115,1
-2.1279602931009274,-0.7401643450277307,-1.3728577282014205,-0.9789899525899394,0
0.5593992678735844,0.23188297936706148,1.0162633041368092,-0.03829258918529269,1
0.5154267538631461,1.7922301519818031,1.3239482501474444,0.5262843087172144,1
1.5202814052437792,-0.043427027901451254,-0.03815236405695016,0.2232787764220246,1
0.4190814297372065,1.4120807160675635,-0.030470479640552273,1.3339573265175109,1
-0.7004202203643335,0.9831452976485602,-0.23756193023710637,1.607410592801534,1
-1.3446948882555225,0.8522091922146828,0.09020761044974557,-0.4297295688278451,0
-1.5038287407199922,-1.021080065605346,-2.3454270648711546,-0.6132262747128716,0
-0.6460875948121176,-1.5002224555442207,-0.5442009014192843,-1.9459175516824623,0
-0.5580545004031099,-0.12366340308190882,-1.1558510116262357,-0.9142346257648188,0
0.4353968542260128,0.02796584050627765,0.9311463968208873,-1.6225609673249992,0
0.0060423897292471995,1.3555683693724125,0.3124196758835346,0.5417737621455836,1
-0.2859354755179821,0.015254084850856664,0.8582121105423121,0.8780271326960826,1
0.5577750353920707,-0.7573119644863767,0.5448440545925893,1.5170200022698725,1
-0.9735959903369846,0.7883805006066376,0.10707590576325526,0.8767138327083306,0
0.4958380895460557,-1.2155789623452746,0.37896335404127895,0.4675271680824271,0
-1.1090441271537819,0.11887723183562265,-0.7005594036874715,-0.45746522803708,0
-0.4597836098106426,-0.5554695483337864,-0.5426058314142818,0.2642882329001437,0
0.4161343892056559,-1.351005240560096,-0.2863068478705245,-0.24998425198481225,0
-0.9159139634719242,-1.1862015344365402,0.6121966227028901,-0.22595258050327202,0
1.2377923285629828,-1.2533717319960482,0.727898432993269,0.5746104750020572,1
0.8342232086523864,0.1429316320272831,0.6094538056523454,-0.3499656383528196,0
-0.21141427573691318,0.003083967910915475,0.5748951379366883,-0.9578591369134382,0
-1.7717784839181911,-0.5134527863192482,-1.3904935258637898,-2.0183284469137215,0
-0.5884751023046739,-0.7214776875577948,-0.25134228846487777,-0.7712999568422741,0
0.1272902264002781,0.7545599975024871,1.2880507110957922,0.7890498944218773,1
0.9299288854588477,0.024542892523090665,-0.5491160008283482,1.1686401655683831,1
-0.028689568464005333,0.18526761072273912,-0.07448884705614722,1.1561492123645316,1
-1.0520064679265744,-1.7352552122314817,-0.9336617126503303,0.17293148722876234,0
-1.7570250745902276,-0.6176862485604497,-1.9017864700015201,0.33377467334337674,0
-0.6099162431463357,-0.802218811424846,0.14912387727475188,1.5663184357981348,0
0.166547869002312,-0.0040500880820267815,-0.302813072278441,-0.9429070467809634,0
-0.9620006382553776,-1.0542835130307897,-0.8722203098872214,0.3577813764084387,0
-1.5914653434848514,0.3043082478795804,-0.7372509338554872,0.2516932749312064,0
0.4987390143643565,0.5145228133058467,0.03300668551826769,0.7601810303373555,1
-1.719736713198925,-0.8610280446858658,-1.3965346714184972,-1.2059242601624773,0
-1.279301529778196,-0.0043937857146860715,-0.15942875190265704,2.7403672397840055,1
-0.013389528644852516,-0.24506743468372516,-0.5208545441046442,1.201497475910048,0
-1.4630430350252204,-0.9186513790575906,-1.1403040080035924,0.7380169910473137,0
-0.9437030644244756,-1.347136553386083,-1.3714930742466969,-0.5205910475202689,0
-0.1823645813173624,-1.0129043880456987,0.07705137461381645,0.16848766462416276,0
-0.059661613400540325,1.3187196825277754,2.031459019770713,0.3424459106357588,1
-0.07396033099024768,0.035264417974027684,-1.647014427400765,-0.31148495538478327,0
-0.2629594154996056,-0.7825296584867301,-0.7642597687990068,-0.1648021368511373,0
1.1638622779880219,2.7368269739995537,2.554382740179617,1.4220552283586543,1
0.8993180789187085,1.2959318211772088,1.5469119258245168,1.3118417913397318,1
0.4298791163686384,0.8146313454097082,2.3273911421873605,1.464500265906034,1
-0.5133796022104634,-2.025092343439256,-0.47163609382191884,-2.381647277265271,0
-0.8294310787046284,-0.06174896310178802,0.21455137662604923,-0.14672100693931345,0
-0.17293448085523727,-0.10973487555848736,-1.1486314476739743,1.068310153922758,0
0.2689321507497324,-0.19634325114455553,-1.0903745436751877,-0.30525625778763454,0
1.6453946631372154,-0.5258309161177082,1.9215054269738763,0.5798955770419941,1
-0.8833220418446266,-0.5306061268864176,-0.5847836095616696,-0.5203944025851398,0
-0.6944910690202315,-0.38819240295049806,-1.266420910211993,1.3015152440756916,0
0.10848773553905511,-0.9253093052281918,0.48474011691615193,-1.3685009375877388,0
0.9222969838728003,0.28577767066299165,0.4970455073484924,0.19202634021357268,1
1.3720535111145802,-0.19280495088200159,-0.4895883329326717,-0.1913087112234431,0
-0.1714080668234176,0.15133364802165344,-0.9034193120412466,-0.4863175191691921,0
1.2298466016626546,-0.42911471081560276,0.8290179807091012,0.33400703030457657,1
0.0525245434762216,-0.2214740637874093,-0.18993598284004642,1.7941549794288816,1
1.6283978860760353,0.7035183518106962,0.09948308777406178,0.5499271469244114,1
-0.768418371843124,-0.19182558388962076,0.0864813867278616,-0.3863831019120818,0
-0.024784213182928228,-1.4955985423317393,0.4744040742144582,-1.5444622257703036,0
-0.34955198461837683,-0.1235019084499011,-0.5526915746900709,0.024903848831330497,0
-0.6044197527575833,0.2929169690294304,0.7452809422834621,0.20173681757606562,0
-1.3513982249469476,-1.4279028892516203,-1.678598979735429,-2.0812351585047444,0
-1.221971823012142,0.25004300431032916,-0.15402701012484,-0.0467100020708721,0
0.31011632791562893,-1.6256828967093704,-0.5286700015166683,-0.917628178582796,0
1.1573622916319455,0.3724411511073018,2.1661945932847986,1.6661361564877644,1
1.1793033449173602,0.5660823862658033,1.1400355344224742,1.34930092394792,1
-0.49912464692872877,-0.38773127677058544,0.8913308288256695,-0.31858044809194747,0
0.6229228520094798,0.18080030409654835,-0.4184153507999091,-0.7018081459756828,0
1.1948728953543006,1.3706866901556312,0.849171340302069,0.5551993019582645,1
-0.3533328463522649,-0.037229541025084883,-0.9679597278597798,-0.025694807887498047,0
-0.7720546509357696,-0.07485678908401186,-1.1104315215555398,0.17866383421790571,0
-1.1871404613441925,-0.8231154415510158,-0.9160185517274664,-1.1768981712032256,0
0.30254685014414384,-0.017754768091237355,-0.42934973866346215,-0.006021258878242491,0
-0.41039230496306867,-0.10945355373161313,0.39851723158451513,-0.37828465167039255,0
-0.0016910346527188869,0.39033411192442696,0.674333987918097,0.015773118656185074,0
0.04300105190716297,-1.1777116533348764,-0.643470440016522,-0.28416809075919214,0
0.5669282194268823,-0.683738895659247,0.5916496450857729,0.7417081109180649,1
0.1945223087150132,1.0446433771632884,1.1179681496877372,0.8485998845721309,1
0.729128175280451,-0.14319149668943604,-0.617513392596394,0.9576676373143382,1
-1.3088509329137479,-0.7030435934945017,-0.8254445234679145,-0.4453309016784512,0
-0.7635229661244771,0.09476703210173293,-0.41975395817755123,-0.29040629218095226,0
1.4226661312053923,1.3422899351116324,0.08897140423196093,1.6145040188501194,1
-1.6060120071174586,1.153681696850997,-0.34736971777048264,-0.5889159534122215,0
0.412481623606866,0.17245355176328858,0.5784205226600423,1.087215519695069,1
-0.19024843972667616,-0.4755505905366746,0.23493192907242832,-0.8679950198830384,0
-1.2050075764040233,-0.666352737693744,-2.1122817813103465,-1.7124877755883692,0
-0.12313148476118492,-0.2731760068508871,-0.5755505084718329,0.7189872117479352,0
-0.12870523963531938,1.430443442016934,0.1452370457417656,0.5298940234672634,1
0.13943576471453872,0.21941916562457375,1.0541217836904935,0.7676984372346356,1
0.25976449433217597,-0.5299705737717229,-0.7319526790141963,1.8673468671960205,1
-0.6683769771008784,-2.0152785832429685,-1.4848235050539733,-1.601157867792843,0
-0.4095321979284486,-0.06113570885703791,-0.633853732481244,0.4273731367026861,0
-0.6677706142615041,-1.5677668475801387,-1.7564202292253541,-1.6524809099855224,0
-0.996687918866535,-0.33637322727796354,-0.2570942754768406,0.7433938012648272,0
2.4491985521385606,1.7581997639482358,1.497601778812252,2.227508441321418,1
-0.1825658007043581,0.4763082450147526,0.21587480044441093,-0.19395597941329798,0
0.43445207465594904,0.5042553763093858,0.1571799927444858,-1.6543777473062093,0
0.6294699752471117,0.541634860270718,-0.2552639885317189,-0.42740109426957174,0
-2.105793184112188,0.09761452774483559,-0.009705584395337308,-0.40009705077506724,0
0.6185028384864449,0.23469103192248508,0.5272989398530306,0.6611651446543365,1
1.4060675130854174,-0.831710741354052,-0.08152525744704014,-0.6094913071953221,0
-0.9421572307593391,-1.604903309638503,-1.251839733577862,-1.5728662249510723,0
-0.06630948501340612,-0.526452217084035,-0.4915616174674853,0.49106717865952415,0
1.717375109025315,0.4470169844418348,1.8549065937010574,0.5865468605358397,1
-2.0112013305067147,0.07187214207316589,-0.24297063921455733,0.04344923750700354,0
-0.4117747736073134,-0.07436358178573181,-0.18644884871571413,0.41934979076417206,0
1.570345340760249,1.9705588273960115,2.765027714555403,1.1074747625095966,1
-0.3768999742672581,0.06291537485192475,-0.05098965919531534,-0.16836093499488555,0
0.07108837113855668,0.9404091950737499,-0.3833134003890737,0.29943313111164066,0
-0.12019058033814878,0.5987513371823567,0.28588104898685124,-0.10458393934099436,0
1.8808234924069391,0.4151541613788839,0.09527352865610261,2.1373206167640326,1
-0.4246517202481841,0.9222388271983453,0.8556173101673629,-0.6595919450484772,0
0.9061095114569299,0.583629552833837,0.9334573659315886,0.4253468465833165,1
0.031626354275553825,-0.6701304559075055,-0.29526321276880224,-1.3317275893786333,0
1.7496672780981974,1.686868223631948,1.7289662999962865,-1.0880751976727034,1
0.12192515808950466,-0.4663760739839389,-0.14786501222053983,1.520750086143159,1
-1.0418467865105328,-2.2391967627747857,-1.033075994584493,-1.0416836178245887,0
-0.601901937863029,-0.7950873085846211,0.016597300113726288,-2.1417109979186044,0
0.014362667516684413,-0.1834121136205552,0.5184401715571358,-1.183719389720601,0
-1.2700357701194458,-0.22946830743455837,0.11540655632803998,-1.1765135303025298,0
-3.2993796377070046,0.5154276724073066,-0.22881682728765718,-0.7162011856571282,0
1.1947059206239004,0.7158081138147817,2.0819765863138273,0.49921217574699017,1
0.5721061002343775,-0.11494562066194343,-0.8449464640035473,0.5610982084155488,0
-0.569223319960834,-0.8465166324350913,0.42964983010047103,-0.4338529185235582,0
-0.17414479072177616,-0.3084833323741917,-0.39029912277887086,-0.7198693549967423,0
-0.6386385951810156,-1.78254840338725,-2.1243206686215537,0.015423748107625895,0
2.116667162713616,1.8809777700036523,2.713742233723737,1.0915269614671546,1
-0.6455946713081803,-0.43565907485289146,-0.7491321098105864,-0.3038887823602577,0
-0.8611780934440216,0.3880542992786331,-0.6365857680845772,-0.6255565530638557,0
1.8450077544334516,0.8523135299111014,1.1445067792043941,0.5955229032415945,1
0.939223650508902,-0.3517474037448538,1.8507388709228527,1.416292875052431,1
-0.07541819538474637,1.5442476271298835,0.07319819176744385,0.4484416484985536,1
-1.0921676497256663,1.1922944758960066,-0.24383847582192944,-0.8291626953163564,0
-0.7053411874512245,0.18499969192334478,0.8362217783507541,0.004843652409220828,0
1.8636760910746402,0.512108099903757,0.8618683792757968,-0.437570670977125,1
0.7469544468186087,-0.19869810561105,1.0283818344190867,0.015685826522643054,1
0.4177488534003303,0.4005989953780203,-0.3191374372990083,0.6179125566601735,1
-1.739680836536102,-1.9324681469950793,-1.4670746975460578,-0.6323035267847381,0
-0.34508641027903564,-0.2522066458666187,0.9446245927713868,0.6449733536458515,0
-0.5150707476444077,-0.8449858426200877,-1.449293110762818,0.35050955277901436,0
-1.3138436691026338,-1.7764052198786329,-1.4882741740168968,-1.6694158769864884,0
-0.7662096640619489,-0.9291664660378474,-0.6787812757792759,0.19117063508473855,0
-1.114149508413036,-1.2886372862578725,-0.6237946347018877,-0.7253311542662424,0
-1.0878723770793781,-0.6516733644867753,-1.083213170428737,-0.7553360733986733,0
-1.292026832845083,-1.3222853562046024,-0.8891333221442067,-0.7192529542116928,0
0.8346930961515084,-0.6627908808965955,0.6779961959923565,0.9327672275054877,1
0.15211037334365823,-0.7144059707091949,0.06667692120356966,-1.0044573899493763,0
0.09431323826901578,-0.549560480149554,-0.3866606364730504,-0.674140490765262,0
-0.0025380637194461764,-0.03243718930899586,0.12161795137698445,0.7270919800912498,0
-0.9812646120589581,0.15799722287910367,-1.245276031106148,-0.8000305603958311,0
-0.6738801695563105,0.5573658496508195,0.7284475571153042,-1.313663151273053,0
2.0463463940146474,2.2556127681864604,1.6126898992168748,0.7318958666268753,1
1.1505913328274247,-0.7191565752662474,1.0393584973873835,1.1279823782938865,1
0.5208600701518525,-0.14751991423546695,-0.8181916760329168,-0.3448836085296302,0
-1.5681567384552237,-1.1940802068543515,-0.6001406220269566,-1.5410765606510057,0
-0.35753404988654724,-0.7122106516019481,-1.400079607541459,-1.032656369490789,0
0.18065109477824748,-0.9942358242355005,-0.26110518045062653,-0.46368104677355,0
0.39469966521631505,-0.12324882839268783,-0.09429048147090546,0.3316765260255798,0
2.193079382886806,2.205829841025812,2.955912712380133,2.7582876936725995,1
0.369561659202281,-0.4404122217900739,-0.7139818352431131,-0.6064000481006049,0
-1.1604829201995557,0.4706902683544732,-1.4277318376718324,-0.23191839853080803,0
0.9700966756775766,1.0469360771844207,1.6843221088604499,-0.8332399168235427,1
0.5418818951737567,1.1023278091005082,-0.2847286843020619,-0.1398861636078098,1
1.6330425371646298,0.3781535014810148,0.7174055873478471,0.4134741036306696,1
-1.475232840110312,-0.438150803147674,-1.1289149424104583,-0.9558060768776239,0
1.1223903056652766,-0.8656630978557204,-0.5702299725182431,-0.6437740540641677,0
0.9077124818275758,-0.522880038844768,-0.7252121764173974,-0.4008269690841713,0
1.4381172533331932,2.24390143793312,1.379907726198507,1.3747693768167384,1
-0.6727943439183299,-1.114722343824278,-0.09776606082268169,-1.506203054292388,0
1.3011902139373357,-0.5922026588462729,-0.009158303816552941,-0.1986542768007847,0
0.33388181349454826,-0.4509312408315967,0.312383366010195,0.06999717415474299,0
-1.180513439235614,-0.42303020075110787,-1.19107677480761,-0.9690899217717971,0
0.2188846669807326,-0.7447147237744336,-1.2409298653652787,-0.3028683806119113,0
-2.513750543643105,1.0703291574216633,-1.0293447801590598,-0.5950036084764494,0
1.4549601226906654,-0.8435315868924471,2.3319776568044164,0.4110973444952906,1
0.07558602066073875,-0.8234778695432208,0.7521477597976061,0.9152954160140181,0
-0.13000201568138492,0.8434992635487365,1.2237770549598945,0.616045153994264,1
-0.14452246997568613,-0.3877623882559926,-0.7481645927723826,0.15063764087767031,0
0.231770381919298,0.11528606577608269,0.4301424945459871,1.184298046721928,1
-0.09867814110452489,-1.2492888358803644,-1.359803109456088,-0.8064082702128924,0
-0.359000758925462,-0.6259685600559026,-0.3630135510286878,-0.19338750073273603,0
1.192280392909138,0.2784028723816844,1.7696742108054737,-0.5104513316558237,1
0.2249276509396282,-1.1615512902518084,-1.0192617933728951,0.5251727863111364,0
0.19263655302057622,-0.1597499697113246,0.5691712422533305,0.8637697257271457,1
-1.8452266094871042,-0.9347174559255843,-2.2208609599859845,-0.5396979354867084,0
2.0149338764544806,1.4464741627691402,2.0001500184664827,0.749170388681543,1
0.5376700960530612,1.2021778822367608,0.5548489652116253,-0.44826575264978785,1
0.1827334510892474,-0.0012567194305236895,-0.30186291862165204,-0.7919867989512723,0
0.23612058849240805,-0.9065260135436551,0.7156358721220013,-0.024210978782621094,0
0.9251054548371757,-0.24015016172609113,0.40053455258691395,-0.9404648906113172,0
-1.0845109103051853,0.581177281671333,0.9908723731403117,0.7292448245852808,0
2.0375212407124845,1.38640085951677,0.2089090808172498,0.4087235239451288,1
1.4148561318568653,0.48234858562376126,0.9034304115545054,-0.5411944312489966,1
-0.4920797048736704,-1.154810237414531,-1.6131929190092351,-0.6890221961920452,0
0.8991261171904215,0.405005200758431,1.852527497949114,0.07167150846253556,1
1.6309588370389134,-0.4319287343012202,-0.15676197453577467,0.9346994560255736,1
-1.8428814073225503,-1.3055397309560859,-0.4170885510245995,-1.3395940667656467,0
-1.0737451070770019,-1.2029377290162957,-0.961189900463934,-1.505063280569039,0
0.21389964395972583,-0.4918105122949113,-0.5653768124074059,-1.1414533432181522,0
0.23359856355501463,2.189910526566441,1.6407283958164292,0.32257684938943143,1
-1.285899250317553,0.040043454124480404,-0.7593864032323356,-0.4534444412571821,0
-1.2615907454159043,-2.1021908923341366,0.6189106702466305,-0.7976984580883323,0
1.701958334859545,-0.5740791113118182,0.21873570800333192,0.4034134046172496,1
-0.09649296978570254,0.16125956722886392,0.11334610787361854,-1.9559290100146285,0
0.42028369478772315,-0.03739725935193439,0.4238565679664521,0.5392613745924926,1
0.5863272576184068,0.007095559365224602,-0.5545388988734752,-0.4142697890195273,0
-1.5872792730347225,0.2161684521582486,-0.9115024959205889,-0.8134192059018387,0
2.0823723924272444,1.6683346641424674,1.4188155641935536,2.9564969221535793,1
-0.42759535339367716,-0.7207114386287689,-0.7722466788841232,-0.8065395840291206,0
-0.2250637212921282,-1.00559284766018,-1.0971769439435277,1.0687442605573136,0
1.4103537834956936,1.5075973265912541,0.4012150866283687,-1.3164371023035981,1
0.37027293706122066,0.09642457255361347,0.7141671337750611,1.7491711156946685,1
1.59590160385794,2.2646250755646298,1.2868203905043631,1.2181245841841233,1
-0.15517898753684767,0.42222963613477227,2.0548636575386228,1.007322894729957,1
0.7694940741508012,0.39944389921451695,1.1279728040099615,0.4902241507682323,1
-1.0232996076235124,-0.7989544448304063,0.3523239253082062,0.7743180017715708,0
0.4379434778692306,-0.5379063081370088,-0.02765319860456035,0.31301004127770315,0
-0.0018091721165584274,0.3085129266209345,-0.6141363943540779,-0.7415236569727385,0
0.4992178046446756,1.1101319687744517,0.148251746990051,-0.24465121636918813,1
0.6287278691876401,0.7628304007489846,-0.3266149826382013,-0.03905058490339333,0
1.0226741314422276,-0.640700595603636,0.29518012259503246,0.071422419545654,0
-2.2342070895648343,-1.2123932175316814,-0.32086725562771845,-0.344032568013093,0
-1.6158995302509416,-0.09335326689171275,-0.34052656777357443,-0.4909676408316351,0
-1.1987297312876986,-1.397873266333249,-1.0308180720892548,-0.5910437900374019,0
-0.24394556769361156,1.3676668954381639,0.6780715674589735,-1.2895558408263947,0
0.8603298661536415,-0.5129781262623988,0.0014401027630174812,-0.6707762343780111,0
0.981613588876796,-0.08785169556177319,0.500443782622181,0.8165909972598546,1
-0.9673731354326103,1.1564499301585318,0.7094009315293042,0.13109151618188072,0
1.1397683911464527,-0.5072179354819644,0.6850108697281175,0.8926586270215524,1
-1.077915381949549,0.08342165735758028,-0.9344611387681329,-0.05865756219084206,0
0.9819929101612033,-0.3695246898282208,0.3096285562335475,-0.4578192840849603,0
-0.898684786116325,-0.9089634126641675,-0.748089932325038,0.04287592199721701,0
0.18304429641209102,-0.23062739533887208,-1.1382323236163177,0.47817784919302725,0
-1.7842537201758581,0.475106121827916,-0.042553951803645296,-0.5438782346242015,0
0.33354683077457004,-0.08853749071339079,-0.4600440794889441,-1.1315287562155352,0
2.195641552625773,1.285990843911619,1.6892681849566233,1.1706221072194527,1
1.0360556745865324,0.482783526121307,0.12763656986728755,0.5907215009319585,1
0.9808633698873344,0.1663728232780468,1.0539435258686436,-0.9710497295116092,0
0.7536717628351899,1.5939531792892092,1.5253849930787817,0.37823507023856107,1
0.658868073102737,0.30388282831149194,-0.14057003498177983,-1.631853512148689,0
-0.22156021677019194,-0.05534188863766239,-0.5103973405480269,0.01988009348769877,0
0.6371471761715424,1.6914239302762502,-0.36218517972755987,-0.901018584544244,0
0.193076495911646,2.174742290739771,-0.3116137774643607,0.9376113343704385,1
0.5644998106778372,-1.2365436101563592,-0.19077722568638122,-0.38953298657030744,0
-0.7518171271101769,0.5834849654269836,0.16262960844537427,0.5944700473010195,0
1.1534659853223515,-0.1256647319722507,0.004794888766651795,0.9235891797042308,1
-0.11410400217780359,-0.7104909919097454,-0.27928803711129696,-0.46285514040816544,0
-0.1842561660967284,0.5837795787875955,1.369103707238002,-0.44374183750355933,0
0.6805142155808934,-0.18006429654834283,-0.12036268643653499,0.12672972348864414,0
0.9426360837983174,0.9223841991874975,1.2132803815101383,1.3826313024273875,1
-0.32053148814040555,0.6234255230103806,1.116027341966206,0.6734695135225003,1
0.05670996467033812,0.419382499455906,0.8279291177816918,0.9819342280668821,1
-0.7798635227011393,0.5209292376086887,-0.512997090732463,0.9835467314020178,0
0.27306012032694277,-0.0802366697002407,-0.7112236852418174,0.3641717956314554,0
-0.2291199941973286,0.9732108055812285,0.38498208111700893,0.45040351807840384,1
0.2376373875235288,0.6963918289049338,1.4586591285934083,0.455524886623894,1
0.8030620982907091,1.1121863046786362,0.41552883465694784,0.6109202228561423,1
0.21021959406217505,0.7746765639344506,0.8378038630897356,-1.5670574694448407,0
-0.8959379840757897,-0.9658295140635922,-0.9633922388963072,-1.5125329744478917,0
-0.21549650558606293,0.5033976215775534,0.7056420005391455,0.26719822390153797,0
0.5526323066208434,-0.13983497401271938,-0.29292446255580884,-1.2583552527764121,0
-0.0640636939340038,-0.3724451654565427,-0.6819079887713646,-0.36869945327841286,0
-0.05872206043017618,-2.2396456971426892e-06,-0.07021453929491876,0.005544647483004192,0
0.21891883016620256,0.6255248764629354,-0.11183088579399719,-0.2079241561238919,0
0.3116916618505082,0.30688272795678534,1.0786817121844001,-1.5367107494111585,0
-0.38738489933195985,1.099128387484594,1.1999866871323788,-0.9785600427730666,0
-0.1176683111548256,-1.1947126614546024,0.3027798536926376,-0.23877841251631185,0
-0.059359499321273684,-0.008804267494163465,0.7536989338294869,0.17244533225406042,0
-1.1743149962246435,0.8699100587298734,0.08520562842146692,-0.5732360971302628,0
-0.7542351219243553,-0.03664977163180257,-0.2491361470637061,-0.14855055362389658,0
0.7277988721281821,-1.0052751467208743,-1.1567674503066807,0.4982536125037276,0
-1.170524691316294,-0.6535582683542723,-1.1707525598134705,-0.8122413292955014,0
2.1325014427342137,2.93488026857138,2.917337704867914,1.8188882754205355,1
3.283124118655392,1.2832551097901095,1.4543966302718574,0.9119568913931348,1
0.747425589619905,-0.480848669374752,1.4454787627620953,-0.12252876725774045,1
0.09208427301502325,-0.16571388629108802,0.1414921297730674,-1.1310963285669884,0
-1.1629066285443614,0.29176121917396736,-2.2852775247573396,-1.469681951729683,0
0.5551760688949515,2.111806240660781,1.3547392009120451,0.9146000665623815,1
-0.45462396083731216,-0.07694053489381592,0.40578648908637505,0.5648431531860801,0
-0.8245506849377315,1.8551915352501274,0.3491505213306507,-1.1012201245988495,0
-0.6710664672000842,-1.0194879368332979,-0.5459969860445371,0.33003537485101775,0
1.3495857187180116,0.7882371065298454,0.9492612019122757,0.9858126861065624,1
-0.48072436235164206,-0.16474780790761853,0.2585908204775074,-0.803191384911824,0
0.019223754307791385,-0.6223750226672584,0.00010435314702550436,-0.38715001049924735,0
-0.614310215439263,-1.1610854597422953,-1.3188355110682255,0.48013697216089013,0
0.3080148731597355,-0.4989770634431163,0.6617843405288639,-0.7372833464361292,0
0.9866501313141527,2.0448512234276803,1.7930491396776371,1.9079667384364962,1
0.4863800323802475,0.6474661827091582,0.7541762880813718,-1.5888708085034486,0
0.8352159072576336,-0.5985433690466574,0.15952664154440277,1.4007009688231518,1
1.0258393580676382,0.2925349934273558,0.6079971609676169,0.709680816384905,1
-0.3007601102186882,0.09886675026933733,-0.27503630050354877,0.5228316875193593,0
-1.10309355312113,-0.9289284440568457,-2.127209329989367,-0.8753158942800168,0
-0.6645113356953292,-1.345079090005617,-0.5139293868138678,-0.8989924608213606,0
-0.8066588529872982,0.37261198997470757,-0.16609296079688313,-0.9383381663172864,0
0.15665086807464676,-0.531515046170671,-0.5674183900489989,0.9679927842806687,0
0.6314253257214253,-0.09944346949556815,0.2982430008179997,0.7059704505326377,1
2.822674752979865,1.1788291088927099,1.139486081444725,0.40921206805036525,1
-3.5463771885240263,-2.5325593572954856,-3.2466181646270584,0.2157741883599708,0
-0.3669598029782868,0.792715219587818,0.8378723214570589,1.5325862181660534,1
-0.9664494807217983,-0.3160414059984622,-0.5570228963482087,0.10069088502545448,0
0.4331374496054186,-0.73997308693569,0.1473281050606578,0.4232383346254914,0
-0.9882561089180242,-0.32978113687188304,-0.6908195632581589,-0.5749833990740201,0
-0.6524356716739341,0.31322683310128385,-0.05071753605218851,0.1638769322463441,0
0.6182536147429092,-0.744265247883375,-0.6401227159848318,0.024120616604620056,0
0.17811125141363393,0.6156002157318131,0.48407268633171646,1.3348982097857076,1
0.7330949183477591,0.8044335964058534,0.09105696385568471,-0.09101274950403203,1
0.1722862900513738,-1.6024977231415312,-0.31939377312913614,0.16715998921735353,0
0.3554624708660671,-0.316052896846045,0.027691124955452756,0.5913603280892554,0
1.4551645806011482,1.3086222656170707,2.0269569720560066,0.38686946051519394,1
1.082651525818421,-0.35644145443452113,0.17266070100836106,1.6312889194951286,1
0.8179777811588806,0.6629063547774463,1.2027366650374995,1.3393915071170481,1
-0.33291087015186244,0.43748737033089796,0.09498967710508682,-1.087253978393427,0
-0.4235757320036224,-0.7613451273142097,-0.3164629710347139,0.9211855899271946,0
-0.5901904421564603,0.017994829842201465,-0.1267527331417172,-1.4673559862134438,0
0.5430717151901946,-0.7481015382178509,0.27643751498109825,0.6298445016674994,0
0.08090067560853659,-0.2864378700954011,-0.4798060831356806,-0.6251933656849027,0
0.8523339208684134,-0.6294557690151223,0.6034873812568988,0.0705402353840213,0
1.5919984856962235,-0.349262691499766,1.2135587067478908,0.625575631150218,1
0.23589727161966,0.9451310422810879,-0.9364281923689204,-0.30145988124880957,0
-0.30014047970339847,-0.8102102409608161,0.6378096087664249,-0.8814142864547403,0
-2.402521256781657,0.11066317063115383,-0.974369939703214,-0.5139757372769355,0
-0.3728114193765838,0.6282525546549411,-0.3046864359590567,0.6312591266848159,0
0.5388747423587554,-0.5143377153251729,0.1368188443258026,-1.3765675415388712,0
0.14818696754001426,0.8854414981191744,0.4484835492736827,1.561487681056112,1
0.5588357385764527,-0.017276670720366927,0.02661602811609315,-0.6415089669478236,0
1.265656667540636,-1.0237019486759054,0.5689252448829525,0.8481438614894905,1
-2.3734637611233333,-1.988164521990831,-0.2893125121973035,-2.591239001181879,0
1.977965543028641,0.7146984163781387,0.844207653843157,0.6853415337109128,1
0.06950627469950776,-0.15403446689683747,-0.35605941208529535,-1.2621704045988968,0
-0.7623210154184779,0.06746555806970722,-1.8577621520965077,0.716451274435765,0
-1.4255847646424689,-1.6159170145012836,-2.2661505442773144,0.8274401210592749,0
-0.2851122355897262,0.5801223726850762,0.9701040716293036,1.1577999510959907,1
-1.0005963107724176,1.8189510940077216,0.09648019532774205,-0.48066715553874534,0
-0.6200184317606826,-1.0286445370252317,-1.0058429393235737,0.35463449669772235,0
0.16902537791839534,0.11018659102723416,-0.2810379218853108,1.030686782219836,1
0.30660881393006395,0.7747207171372864,-0.2964841774803173,-0.6638448097127931,0
-1.3625706741084644,-0.15228149673361946,-1.1134666056618383,-2.4807682090669583,0
-0.3123241979027136,1.5981642605468198,-0.2586834243974274,-0.61409475468937,0
1.0881521155884835,0.7787673824525223,-0.2243908145596598,1.0966504493965883,1
-1.7515698782054567,-2.222945527379625,-1.9917768235111344,-1.4515947913984655,0
-1.5749349738148628,-1.0305720945669188,-0.2793491813511052,0.16052496135100958,0
-0.07014362172228375,-0.027638561547133525,0.4165312282330683,0.10683983738945808,0
0.43370790689603733,0.3497601320550198,1.0509897468585099,-0.04528741077328059,1
1.4555105168553446,-0.07109400278905609,0.37043234599255376,-0.21138818423074834,1
-0.29214000045987504,-0.18718256491281035,0.0004844214147737072,0.21565433782156423,0
-0.8034027075572105,-1.1990679987072828,-0.9936542426417225,-0.9281084231299476,0
0.49460585004100727,0.3129582876361164,-0.30788789880675993,0.5003818084447642,0
-0.906266574098908,-0.05788579971948271,-1.059633204049869,-0.934347663661336,0
0.16967784566848865,-0.7435549455858399,-0.42543933458895444,-0.13462546103789916,0
-1.3527981549220645,-0.4464572455387674,-0.5005999756961131,0.7914004784059744,0
0.11399630605489364,-1.3580913359153135,-1.311391679268398,-0.038199019213057336,0
0.5958021620858482,1.0187762379424539,2.352251707187609,0.3843622309053452,1
-0.5887146381635487,-0.2579459002745864,-1.0454220596976396,-1.1613675047184553,0
-0.7336885910241928,-0.999485854017278,-0.1939244612592497,0.4245637765385894,0
0.3559558415193334,-0.13908468399429869,0.03981009434876581,0.5235363067071335,0
-1.8853763573167472,-0.45415213717607233,-0.9831605389107573,-0.5625923312130293,0
-0.7224979549557514,0.8077195179214126,0.1727547045666793,-0.2324485396239602,0
0.056127205106960565,-0.013642242116677972,0.5932337240822673,1.5223785691208207,1
-0.2148618198462741,1.0272770824132524,0.4608313863357006,-0.19546374831234498,0
-1.7011651729922956,-0.41254219539798714,-0.9304724493658172,0.3474459866902842,0
-0.829814131041981,-1.3405566764987424,-0.10334349961818845,-0.6469360240104254,0
-0.641121854105166,0.0653081406166579,-1.6724264771429243,-0.4837870126012763,0
1.0023234923920699,2.2766165326579815,1.0046032978284627,-0.6937584420213153,1
1.4696489633690892,0.5609634374622994,0.2526317913950825,-1.5145766491098756,0
0.9983548203538316,1.7660200064582838,0.44494683295240334,1.2563260473993723,1
0.36951372226610707,0.39607364758273267,1.2834220955812536,1.5190868960806572,1
-0.2511912704380782,-0.4815668690944812,-1.3323400934748022,-2.223579737324754,0
0.16552446659743458,-0.7832703957382955,-1.7565031290771693,-1.5076756707448091,0
0.646578866212768,1.2671649463765102,1.367974031507589,2.52170666246406,1
-0.4858908227559253,-0.07405044500263447,1.5166238188985814,0.5647797150144456,1
0.12550747775399862,-1.014209013801159,-0.1515080544247252,-1.106979275130833,0
0.7652626925840349,0.6194970616168776,-0.3632111390796498,0.6686027438187797,1
-0.9168401318184872,-0.5997091490578054,-0.8676796531103482,1.0848439731718071,0
0.6622286462473146,0.4947541947801075,0.24429567539372843,-0.10184043308907559,1
0.8262958083444775,-0.14469361942930506,0.8358238514330674,-0.35873455582226166,0
-0.281279042710619,-0.33140814651297174,-1.0244527474755174,0.19950116430802078,0
0.6277497856692152,-0.9012676356438066,-0.0753559039238284,0.8991405641326309,0
-0.3282465214662009,-0.6022067287236262,-1.0395933505067445,1.016803484652847,0
-0.4561895001305878,0.37799015713164713,-0.7318819211230804,0.47943911224821695,0
-0.326346697506672,-1.9370435266635686,-1.6227262352268905,-1.8460733126475235,0
2.365654282492302,3.882928775262519,2.818204613403835,2.8760399941175874,1
0.5959377957168447,0.12986494818098668,-0.5743057527212934,0.42477214112050327,0
-1.3626886844622461,0.06155129353782396,-1.6959984937966506,-0.4615374719261073,0
1.106435868300108,0.5577313796892122,-0.5161668003969544,0.9870641030612709,1
-0.3332792564918831,0.21620830738378394,1.0069084541921056,0.5741255175216382,1
0.32849231253845124,-1.0239431738650533,-1.0748339462586387,-0.24689699181935382,0
0.9116998361411243,-0.545552923180847,0.7955903038667421,-0.8803182222980114,0
-2.5682792500515337,-1.5988238353730233,-2.2694605133203085,-1.9274172777154193,0
-0.8501814334921505,0.664826740654527,0.3512075207842211,0.21407445927087815,0
0.7341964389464202,2.0930385554491906,0.6936166019532845,1.783783268262453,1
0.07962227806516989,0.6190608019947801,-0.2942486052447439,-0.40581934946852405,0
-0.2077012871976172,-0.6381734651149562,0.16466082115403016,0.326165820135213,0
-1.4521356133604044,-2.106123744673262,0.03345557195294924,-1.342151772971631,0
-0.22872368518695174,0.4975469932995782,-0.31960524402230334,-1.5741490187832166,0
1.7230220720011906,-0.15485358174249209,0.6021313178771656,0.5798794865714464,1
-0.7144853926687579,1.057476268528849,0.09170166730928804,0.39533275885819064,0
0.5861380056604553,-0.3614752059700742,-0.5938565165284775,0.8082016621482373,0
1.7215651000938328,0.06631120271304886,1.361236488828065,-0.3620195794251319,1
-2.2148589819633093,-1.1000098597132952,0.030209681584227988,-1.1060319775893819,0
1.5533804050584927,0.8053591703672561,0.019916745270029956,0.6972799034446584,1
1.0765437995924667,0.43865429813843304,1.1957925974896189,2.2451852310747853,1
-0.48981042271988373,0.9170173613021513,-0.7040031842845071,-0.31503239383967246,0
-1.208592498200318,-1.315362655007167,-1.685532314906061,-0.9755274644323148,0
-1.8503840761319759,-0.8369835007286255,-0.8013215472407873,-0.7914703343781582,0
0.07300260591258295,0.8836485351258517,0.6592208349653951,0.09069472647900056,1
0.16328621305784652,-0.10489788538265457,0.3933116956467584,-0.08524372217034876,0
0.8032508508176118,2.0998174986072398,1.5761974755742145,1.1174872609803637,1
-0.3123803989563355,-1.48321663693505,-1.760634288153262,-1.7464357504031267,0
-2.190625921259795,-0.3248496946369229,-0.20306707586557865,0.027664249254663653,0
0.905204936250087,0.9836698111999203,1.3532208320707557,0.3634453693452768,1
0.7009437184002334,-0.8558475247394943,-0.3247239046384156,-1.0073648554010162,0
0.4219344518134752,-0.7403160043503914,0.3559298796603251,0.4275172665871784,0
0.3252065463367269,1.758005306952791,0.7219809734397827,0.355806499676681,1
-1.2862240473997226,0.03923456577536824,-0.728653437526684,0.36959048713926973,0
-0.4370701007509158,-0.1729518112468314,-0.9962954128916264,-0.02572714010611113,0
1.650486279680371,-0.4945242633788465,0.9785810099261713,1.1817288098463763,1
0.8238261221195947,1.1796673544579581,0.9493291508011749,0.1887427789398497,1
-1.5994350851000247,-1.4345402743478142,-1.7410105786580685,-1.486425726677104,0
-0.7915026444405188,1.3497834455211137,0.7444529452083088,1.7011515655114156,1
-0.4111427528061363,-0.8832936649792315,-0.5966132082376925,-1.4989118061501645,0
-0.8486716749195671,-0.7716380362102119,-0.7257800639787745,0.03255985954088396,0
-1.0798298609754435,1.0373538749374533,-0.7388143887410805,0.5019256804931357,0
-0.45066411525451117,0.00043615891890957936,-0.05666970969686297,-0.5922104143318825,0
-0.0794681014187486,-1.9071879354921002,-1.3122456767482147,0.07386758876150543,0
0.8675403151624911,0.11787581927207752,-0.11116282292534649,-0.11526259822244264,0
0.258606488012463,-0.11528468530513875,0.617924602065654,0.005921142403028164,0
-0.13428639234970444,0.3382557077714335,0.17245809122481792,-0.5410420542095847,0
1.9715348369730945,0.5217415663933296,0.9992062215939586,0.27766927338172426,1
0.666926939255994,0.07474175010671646,-0.9129481319677409,1.7203284548917743,1
1.9358998671345131,1.6018297522024585,0.8089557763740853,0.8335958390955877,1
0.13954477913625676,-1.5959820634096973,-0.639253547218982,1.0666665752919828,0
-1.0860930847044739,-0.2809967354293602,-0.5897872293822296,-0.17364637970481078,0
0.553675504494983,0.5732028191812177,-0.8030052169432105,0.27752188921548937,0
-0.7931670474712248,0.2549169367847264,-0.08117172530377537,-2.0470410130925036,0
-0.6701941421722556,-0.4702621704939996,-0.19765802266061228,-1.1732868797431222,0
0.8434031894041769,0.25780621792011693,0.10378987419279861,1.0774937736544745,1
-0.8762026524377313,-0.8979440284987243,-0.31829407566869994,-1.6672788441514332,0
0.6182830331364475,1.3311700032674616,-0.6316659595399619,1.9998093955797485,1
0.4120609202124065,-0.03893890079253859,-0.48474814711777614,-0.535560809350221,0
-1.407784371867757,-1.310578348522434,1.1107566688274506,-0.8343042263797332,0
-1.8041930319990966,-0.5238159962558836,-1.3965900446096249,0.4608133215763924,0
0.006715376154289798,0.010108273086196773,-0.6239270866079814,-1.3115584352524532,0
-0.0719105886365829,-0.5039406133288831,-0.46805646947841495,-0.562589649884949,0
0.9476591321852028,-1.406530682274891,-1.6341556637512373,-0.26087423623103373,0
0.12315989038036335,0.387418191776812,-0.3078437477732947,-1.4022596698062093,0
0.524917215293608,1.1135979350970635,0.49004804805092717,0.7882991456497324,1
-1.492543606663114,-1.2834780270526431,0.009572930076530484,-0.722961034789745,0
0.9051925847726081,1.8300521691193241,0.5768419219495846,1.4347108582359207,1
0.12371150934796604,-0.9827325112377835,-1.3814013020538565,0.7881365889631959,0
0.24417042483652676,0.7148861989213868,-0.4291656524335958,0.5552541764578908,1
-0.36230698588226506,-2.059422428770013,-0.08322204877109979,-0.030306633678502948,0
-0.23892403676812174,0.09668588352432261,-1.75745762353551,-0.7868469320854847,0
-0.5957004484774807,0.4830200945701672,-0.7423240798863511,0.016932634253425796,0
-0.963082909873769,0.9684785706579204,0.23823894783153254,0.058962192662898205,0
-1.4619467488121263,-0.77125368296781,0.05404624969076963,0.6500536994258297,0
-0.34773555752084095,-1.5582859428783906,-1.0332465060436447,-0.38095371661936067,0
1.580835500783989,0.039918010829140926,0.6397734164829816,1.2155484882842924,1
-0.096897633854381,0.966091898403423,-0.5205347674719935,-0.7720481553034978,0
0.12239032139372283,-0.4770066103571098,-0.3262584545255693,0.43032540162535415,0
-1.9263074571615102,-1.0331986610093042,-1.890417084016344,-0.9078896381965594,0
-0.8004585083892712,-0.006127437976243405,-0.5457064623809649,-0.07406820809970246,0
-0.4194750518870797,-0.11667219464350931,-0.18205243518167524,1.3086700012123735,0
3.0016790567629035,0.7883774978237043,1.8631936912071965,0.920727357884451,1
0.17477188142039773,1.2840844732162071,1.4379282061555063,-0.8266922147487835,1
-1.2383885618092536,0.7311730107164804,0.3763054768230552,1.4139105970136001,1
-0.9993909807995862,0.8735068030542364,-0.4309647797044187,1.3630412550380997,0
-1.9904818632474837,-0.5921680875961868,-2.1702296116000603,0.06506568630573233,0
-0.7424447895910664,-1.2022428914728587,0.9154554523852131,-0.35378129153903837,0
-0.33338534074387977,0.299584913697983,-0.5123246315976484,-0.9490914810611452,0
0.2011925058077958,0.575587713246525,0.31752862262617276,-0.12154977968963457,0
-0.3604539424903556,-0.17653293942676115,0.31419870298774755,0.041000453588865365,0
-1.4359082153823548,1.2651068308796758,-1.5806229701213503,0.03721783585441833,0
0.4626386253928336,2.4267451026779763,1.8363734943162284,0.2845661909209707,1
0.8025659381714134,-0.6682714429289455,0.4948489528002059,0.23848926497500048,0
0.30515137677997084,-0.8576865279096857,0.6950642053775381,-0.17465061933647544,0
2.311455488083494,1.005103522186647,0.9189303152256459,1.2516114389793103,1
-1.4610143175252777,-1.6352464968744234,-0.5691768814423039,-0.6140556735777016,0
0.08890322204458756,1.2859543754156337,1.215364155427193,-0.49717115345466045,1
0.9772849801515973,0.23769005567741877,0.505848737651393,-0.048230958986881234,1
-0.1291579259694235,-0.5247144536126022,-0.3763788509944672,0.856705172634664,0
0.6273094142764499,3.5917775771591938,2.6130611177728214,1.3165976642083388,1
1.2809225326749931,1.349113002438673,0.5687651384833556,1.1591671052821284,1
-0.5941647650051376,-0.9285432599805197,-0.8955112715191778,-0.4754401241101237,0
-0.846295228103157,0.5365808161344333,0.04520565314055647,-0.8514165035375884,0
-2.2474379445863932,-0.6165000612026317,-1.3464541600528293,-1.011139844767558,0
-2.2762411554271074,-2.1433949169693474,-0.8753629215656471,-0.02576676479882886,0
0.8391525351576163,0.1882405266699565,1.2426939325010886,1.3643222104759154,1
0.01110236910764777,-0.014299557803574283,0.512071337667368,-0.19774904923730405,0
0.5685382042470503,-0.18148879184816774,0.3690894105196919,-0.6421719909044463,0
-0.2732435776450104,-1.6731579156961884,-0.25590703405702286,-2.1276368769093605,0
0.021637014541908806,0.5126865034527744,0.7804164831124435,0.19866084858263106,1
0.23713579332729146,0.19963937654652336,-0.08407238849315786,0.12827524390497008,0
-0.3650719649611821,-0.3692416733714125,-0.8040245002814244,-0.8401023249598364,0
0.6252456579516015,0.24651084499837095,-0.30233032400427806,0.36381762699676695,0
-0.5881306356040563,-0.8571664552211862,-1.3777131550687898,-2.3074922281539503,0
0.43661891915479273,-0.0674564224242481,0.5651433760280371,0.3862100740679943,1
2.242003129080957,2.51413844153321,0.5443061965668676,-0.40327247391258253,1
0.5639992238868328,0.5316191226151166,0.3967936518123912,0.7589823831604836,1
0.060646923744255954,0.9500151168724587,1.2101065895602992,1.2010172671609618,1
-0.4894716573296299,-1.5527580933512057,0.5799415476679681,-1.2606966435488471,0
-0.10163011807232218,0.07600353893122384,-0.3400271913047479,0.7213533112172928,0
1.2782262012910723,-0.22535691024926147,0.12758451614551877,-0.16388860559055293,0
-0.8734686829613367,-0.05614898780416944,-0.9184008917475486,-0.5015012518130018,0
0.6731314983907541,0.07522800130421786,0.5520533255886496,0.2015485045854799,1
0.5643331562862193,-0.8749571323116605,-0.5066643924004507,0.044565934997350384,0
1.531760298307649,-0.09737890472192812,0.9675712565062738,1.3683109848196864,1
0.5233526141179823,0.611667652374434,-0.5170163697854793,0.5963764234067243,1
-0.9579820362100537,-0.2883366284346587,0.42162064496551677,0.1408904128967919,0
-1.5824162399233537,0.9084077215308277,0.10608089977980495,-2.1444013777816355,0
-0.7851643207306551,-1.3084692889151741,-1.2081077418172306,-1.55952072039145,0
0.458146568440121,-1.002417564591279,0.26193719613203004,0.4261546682165402,0
-0.0850759895002372,0.253461572566854,0.8980622144831731,-0.13864183654367684,0
-0.4123831361509992,0.1508760056873616,0.8034871435327341,1.4769094752995078,1
-0.11533643221437334,-0.3236413114379527,-0.2953066398911732,-0.773835543664542,0
-1.3515649924362307,-0.1198080842568085,-2.025059137919027,0.5482992240336809,0
0.3278812378203049,0.0836092932690698,0.3470830265421127,0.4590691974515392,1
0.26262436539263145,-1.7389051057253686,-1.4783718581025256,-0.9558284757683865,0
-0.9324875232295191,-0.5421934419118802,-1.5583164595772951,1.0195677668693814,0
-2.053594373357918,0.27161389039506995,-0.6788713054907461,0.08977632903178878,0
0.9606891510742828,1.0263961894596458,0.312597645007486,0.8290759597043076,1
-0.4974854367299807,1.6285353220761798,-0.14655411069540444,-1.0043075675575275,0
0.8045359821546306,-1.26385640325701,0.22026225011101508,0.8247949599856009,0
1.6653825034972018,1.513627329564307,2.26588921241698,3.3192108792171093,1
-0.057376104291169794,-0.6308456245137072,1.5249258748362324,-0.1549532850158459,0
-1.1858401801921712,-0.44168793688088437,-0.06976668345110038,0.6764827198973484,0
1.0632705740182504,-0.6264486495754076,0.7481992359004754,0.17595408665791093,0
0.9938557119166247,-0.5730086715074192,0.01647785435092597,0.9818980051361985,1
-0.6705259176507609,-0.16988038427720414,-1.6975104687497715,2.01815198056341,0
0.46823157677395405,-0.015376243595903616,-0.9531459143504761,0.14225238823322972,0
-1.3011121904051899,0.9367526538702969,0.47421657140252294,-0.9858330246302526,0
-0.6475773885410511,2.2287387395564755,0.06908967192340311,-0.5500538037037498,0
2.052148299790855,0.7622808189727835,1.3003084048109939,0.16935025265627454,1
2.8411440450288845,0.897170037877584,2.297255017811644,0.4495725253765394,1
-0.3359601190411598,0.2958084662512593,-0.17269697094285222,0.5455055402356477,0
-2.3942952504072097,-2.8643364249678194,-3.213435030450951,-1.4214002106976904,0
-0.7419658502421259,0.2398482165519074,0.43587811352037864,-0.24186931496200764,0
-0.7858199290070231,-0.09101247383024635,-1.9220719014395122,0.4309597898901147,0
-0.7590167451587726,0.7795053647730738,0.15505286026025034,-0.19462084762429074,0
-1.1534587376455074,-1.1143154283641545,-1.0478366145911844,-1.2068507845521856,0
-0.7971355988961628,-0.8358596389585267,-0.418362165056588,-1.2594552775512455,0
1.4586617981846715,1.1936555229400332,1.707445276332607,0.5682387194939517,1
-0.9053429959652393,-1.2950134333403007,-0.9444028213939542,-0.6069292281152898,0
-0.2666809877353052,1.0497590670616463,-0.15852321159023292,-0.9678498501510653,0
0.23469986054904823,1.8853065390781132,1.3964785596586147,-0.4200056749065115,1
-2.3710449694965505,-0.3619401364111463,-0.3174418972018746,-0.5598104317879677,0
1.542193435525818,0.8335635324697512,1.094494033475569,1.9307193039836017,1
0.791908485510353,1.0943327412105366,1.1409155083375042,0.2376192488101549,1
-1.3874263406447742,-1.0009748252037676,0.32775934661540074,-1.3535375336348558,0
0.9661009557625493,-0.19114964775004695,1.3006103504023758,-0.4537900649193824,1
-1.371959740538015,-0.5594832143053103,-1.01691639687221,-1.1460308844729445,0
0.46939318097988736,0.7468156249072547,1.4242437405185435,-0.010803953709617559,1
2.9679157130363554,0.8795435638272923,1.3885814629607798,2.2352454639118364,1
-0.4015741888938531,0.4132637642633368,-0.39112259576574854,-0.5410199866616594,0
0.981653552264018,-0.3320573292067338,-1.3613082383870623,-0.8833482328721327,0
-0.8982148486048498,-1.667046582830936,-1.2466013320231877,0.3561030440242184,0
-1.6744375053138485,-2.2504395141090234,-1.3552999403514172,-1.2650010434908783,0
0.08835312734150212,0.02736295706216116,-1.1623582804717687,1.0056753136969854,0
-0.28734020867553944,-0.07801109030532832,-0.04086989843408001,-0.9572908957193069,0
1.0696167276165431,2.037839623816421,0.9793310948949377,-0.32027015110071194,1
0.5748090966819848,0.9909611425808839,0.6526260620739291,-1.1579052895227877,0
-0.26379424491994063,-0.9558727484434439,-0.9982444094982204,0.2566057862712078,0
1.5232132238555907,-0.10503022496037084,1.1826189888434804,0.1166139130444543,1
1.5230182658829927,0.5313549570567457,0.03212693317592352,0.20285055408447117,1
1.3531434414347634,0.8037230458629174,0.18275134414552352,0.7737120287996152,1
1.3003370345714638,2.111375097790763,1.683928484043515,0.6901858692478924,1
-1.0851488963574434,-0.44622201722411475,-1.2294243860764298,-0.20699441897992474,0
-1.1522314902126496,0.03176806728540943,-0.14984261439593377,-0.6447139108913033,0
-1.0237124912168134,-0.20979711901856302,-1.7236440375315092,-0.05027957968704248,0
-1.1141171971079271,-1.2109697499141987,-1.249122593435683,-0.5940432820418718,0
-1.5892862554539011,-0.2534896312141901,-1.7933919946916328,0.5712927409909129,0
2.3696560673100593,0.5016197045592778,1.5398045928821553,1.1475977131507231,1
0.5015140317820737,-0.14229170851390993,0.11113248864491546,0.177353310836203,0
-0.34832528538493274,0.5451855450442685,-1.466343313642779,-1.2800489325978042,0
-0.16147589909412027,-0.06778467020288786,-0.40664504047581007,0.6266060516606513,0
0.7095331564645382,-0.8867576834197023,-1.405462368378371,-0.753916574912962,0
-1.0035518100831828,0.3547951870962325,-1.947201288149039,0.2731596229634015,0
0.2308637132498521,-1.060516385217229,-0.11771323622292379,-0.8597272165512186,0
-0.43028385373035993,-1.1908590966820736,-0.7704389517365685,-0.46440991975519946,0
-0.21321429254663582,1.61374534543513,1.8388247539732834,-0.31988879406591664,1
-0.21811200053674965,0.5418028343785916,-1.4931610235290518,0.8062438264419544,0
0.8745550868353553,1.8012605251518214,0.6202260364056941,-0.5722188947959214,1
-0.2587811297230006,-0.3252114158532493,-0.17717395870350572,-1.2641506479135256,0
1.7385823315434545,-0.35510067817710644,1.059905222527704,-0.07036889083813205,1
-0.8425797344647259,-0.8286975895507578,-1.2178022802792556,-0.16666693171555552,0
1.4800110156204807,0.7200721097010166,0.18555590884787276,1.061531744696202,1
-0.8452131201624224,-1.5347108615367189,-1.4895524152225197,-0.6258717267136479,0
0.8286432933704279,-0.5980772177357982,-0.4183733060828967,-0.12145820453492964,0
-0.02947299260685532,-1.2782157526822056,0.13925528622357108,-1.3473914492261618,0
-0.4454191961243602,-0.6607540365355508,-0.42720977300462154,-0.9420863154692763,0
1.1855523222179247,0.21951659085762076,0.5204556183544156,0.8202542983453357,1
1.002055216725505,-1.0431330310392566,1.0144642620644033,-0.926612179375461,0
-0.23957621459797274,1.387493692111132,0.9642154752207021,0.13658563639298021,1
-0.2725755349676077,-0.8217304877722242,-0.878054536794528,-0.7872793490941765,0
-2.163132465585635,-0.7948214925414304,-0.10898959924802654,-1.4588113186625544,0
-0.3313828481577774,-0.07532877510743119,-0.4053940370500838,2.666850027473324,1
-0.5703634931110342,0.7132458618848991,-0.008497090132485938,-0.10357723728639365,0
0.9924796388933765,0.39699811730486756,0.26074799132897875,0.011529482832309798,1
-2.1681340833744627,-1.2984446198936945,-1.4806855377767927,-0.7746122191651995,0
-0.27123558246029517,-1.5861823396737798,-0.8830906025572798,0.4129897250458464,0
-0.5628206238129426,0.38621948517969273,-1.5227442457136358,-1.7874291158760625,0
0.6362712939625368,-0.3040402222233291,-0.02828263526994146,1.3191242355551414,1
-1.4393765057252015,0.4415434302267426,0.192350081574667,1.5422360546990372,0
-0.8190630783924102,1.3553911195753021,-1.109620049254173,0.11149104867928164,0
-0.28072387347099137,0.7100124220213575,0.4462947408378486,0.9378116176841843,1
0.46689819158259505,2.460994897306518,0.4865619040380614,-0.35306413483529586,1
-0.8745159874655124,-1.2167968724945792,-1.7018478080313573,-0.6993874227888499,0
1.4577406699999274,-0.06366002462537068,0.37801711985565545,1.1283532713990359,1
0.7041850887105072,0.06857604080233023,-0.060957179494363245,0.670862370790616,1
0.34571838382211395,-0.04090283320438559,1.034183248486816,-0.13017835786748255,0
0.5302067198804497,-1.363422712437191,0.0038342596090081837,-0.5204446695221857,0
1.252464430219161,-1.0252785233656527,-0.9615673037488485,0.9233312088627552,0
0.5233766602512873,0.9225085067878563,0.874336481746139,0.9437163749029419,1
0.6817194897193064,0.6305942905488582,0.583481283262203,0.6829980691979896,1
-0.43940464419384573,-0.6539269813569767,-0.2360829269765944,-0.12027451203734552,0
1.0875082518623918,-0.13376115246888542,0.08598064381783166,-0.6320142745272386,0
2.177651477895747,2.731819211099161,2.3523660783746965,1.8844066868928733,1
-0.6934059615715458,1.5109578077694226,1.2817718169934156,0.6070191140989439,1
-1.4580279023406548,-1.3193045159816188,-2.882227855835099,-0.9477675893801366,0
-0.014742985088917915,1.505151458852748,0.22114123906900912,-0.3509285363171485,1
-1.063700019347076,-0.8782644489356216,-0.592924405843305,-1.1658402511901733,0
-0.9776475327541684,-2.298925446166746,-0.8628646931908098,-0.16719233142795847,0
-1.6063859176665973,-1.5476337389050105,-1.2291412568000446,-1.1946403810325574,0
1.0604460843157386,0.6359758398663192,-0.6444009664053558,0.15696680200001836,1
-1.2115505868908536,0.4427991588448137,0.9359627458857417,-1.073673797901868,0
-0.030526022696951233,-0.9339992643985077,-0.8012665346708425,0.6244712069285802,0
0.14837662996965456,-0.7134793903687469,-0.09812970616229785,0.1823356999539886,0
-0.6954910422133616,0.21070087969823617,1.3991996274921727,-0.185607391113052,0
-0.5280330537981681,0.09872469993617566,0.5576469313414967,-1.4478686254787205,0
0.5751292279978923,-0.1046033134056677,0.7633356587726636,-0.021979524155273822,1
-1.2727315201183393,-1.7033978807131382,-0.5392443375285126,-0.153620991329665,0
0.5506000913949388,1.154492592736134,1.1309885299427278,0.8727054304299118,1
0.6769929679383335,-1.100108390513079,0.8127292851359879,-1.0442528054061824,0
-1.1658708075042092,-1.2224254183204375,-1.3678488805159037,-0.6438904956133803,0
1.4448472593687582,0.6817047872380186,-0.232314691591118,0.11132301435542956,1
1.9609840096020843,1.6367016566233383,1.4379463881664925,0.31677004388232644,1
-1.099642107459193,0.7564367661661042,-0.15828893330915397,0.3972295734609683,0
0.38769718756404375,-0.3169092388635838,-0.2000341916100013,0.7695986588445439,0
1.222232937839324,2.6077782938543095,2.6052516486511355,2.6774998177716345,1
-0.8005379240278306,-0.35659441766856614,-1.2661471214195732,-1.7540372960283683,0
0.3347921869193872,0.7861821260597934,0.6084930285074657,-0.2885933181667771,1
0.5969962611119104,1.4532680170795378,0.08095385817641398,1.5476000680598727,1
0.042032134919101155,-0.04612086434920848,-0.5808186719527397,-0.29272760471490034,0
-0.2150270363577712,1.3569816015562168,0.4565869119384517,1.6647569738287955,1
1.418507423394486,0.5583259522246691,0.5122041522632441,-0.22471327333942964,1
0.3330871191874351,-0.5280371781630817,0.10167875941279914,1.1950759216860476,1
0.4756654563191959,-0.8331678555386919,1.1185856058566264,-1.0635298047535684,0
0.8909656850019653,0.5584794558152598,1.3234087018660428,0.4403943624292782,1
0.5616686065308695,0.19553524009590545,0.5065670925402938,-0.5816356684754567,0
0.9784777112827945,-0.47837640261465597,-0.18789189720667065,1.8003964404066348,1
1.6198804559645155,-0.11095362671271208,0.046355882109609114,0.6091203580068099,1
0.12298968667870763,0.9091618302670739,1.514078405508496,-0.5116554644446986,1
-0.539573004952614,-0.1487965106938235,-1.3830529157544986,-0.657140608563958,0
-2.052121890573622,-1.129932855373173,-2.452316000565819,-1.0987535757392901,0
-0.17483110636770155,-0.17161606158957593,0.3673278085486949,-0.41527476000840424,0
0.6962797255325278,0.7431372009421381,2.0978394212772074,0.2991873990890113,1
1.2874099793226768,0.34329994316485046,0.00408362840328369,1.1111409788811868,1
-0.18092091426848275,0.4563373923389603,-1.5238177949948328,0.14840455490587948,0
-0.30619046948079914,0.4902664790625779,-0.37020680769596614,-0.06976033413610902,0
1.3094137283627865,-0.6269282831847014,-0.28345196971467423,0.9738490739370593,1
-1.5866219682595155,-2.634931253262779,-1.3479049424856633,-0.5191784841546846,0
-1.98993226156981,-0.8771316467446607,-0.4857896711329688,0.6976293945360751,0
0.27522045913563176,1.7492877748626943,1.2456722860416414,0.5247651430048803,1
-0.2526932249842143,0.522593327947291,-0.5407602897905802,-1.074513669224322,0
-1.4531073296275703,-0.8631247664578627,-0.5130906516764756,-0.8905464859281695,0
-0.5768254283194825,-2.169812027835677,-1.7391089626082965,0.3368318986735456,0
0.34479009286200124,0.4221146928149613,0.3160868510331911,-1.2951536135925217,0
1.817136932737383,-0.7677123535800223,2.4093344574163607,0.3280797167555124,1
-1.2263369109065332,-2.2018980325053477,-0.8830900077086787,-0.5659883090675701,0
0.38726391487601947,0.13618192764249223,0.9057339621644729,-1.152214776360398,0
1.1742556433117286,0.38196690493007196,1.1435495064294692,-0.16113769265993144,1
0.7600128583309735,-0.809770694035379,-0.5899650689919084,-0.06613070640561487,0
0.7761225952695068,-0.563138792159362,-1.5096520700401848,1.0553425052421812,0
0.2814854664028135,0.3780064319670273,2.0297112941482864,0.4363294132397233,1
-1.2968720202340136,0.728591214530554,0.601871097821331,-1.283633227238785,0
0.8637854785413891,1.1273874098706236,1.34380280075017,1.8153415510693642,1
-1.8498919134677174,-0.8388575951609285,0.23266592361136695,0.2076474986768552,0
1.07254951446266,0.3728413874255858,0.6425570851294313,1.6060317605903314,1
-0.7658602053681117,-1.3238824446485924,0.6061124609504206,-0.783646183860832,0
0.9430143797867205,3.10542871986088,1.3707646084331773,2.1102608635621283,1
-0.08057003468419,1.8348844916975264,0.5209039897259934,1.8086493492229496,1
-0.7242032735620683,-0.8259956701008468,-1.7031090059314227,-1.4282681387200122,0
1.0433935160034058,-0.11167000058960797,0.904679890722346,1.0090180464252754,1
0.7751217382063933,2.3964553666243784,0.9768571437906703,0.4326949134583865,1
0.2898134958156557,-0.9530721395316449,1.0548477628858963,-0.2756415255993246,0
0.7926442909296566,-0.39272235503591,0.19140446678758008,-0.17010685503013534,0
0.5032708214529991,0.9496197491896875,-0.6738764558932371,-0.040617993675114525,0
1.0150364827269627,1.0345189336035292,1.1403501695672336,1.384596923339505,1
0.05969883196922138,-0.17995210545658485,-0.14986725368557358,-1.2149910919418034,0
-1.122889273810796,-0.8407897075913429,-0.481768699159406,-2.627149644465684,0
0.05986798584640851,0.11539615489496469,0.07928527458219925,2.296437593512186,1
-0.5990775762930078,-0.014615969660465078,-1.1177391289875878,-2.1980160097933967,0
-1.3063237095461102,-1.4129657524770882,-1.2706107927215882,-1.6571174676188705,0
0.32522569087100256,-0.19268517257002316,0.5124119324372305,1.8722135336225554,1
0.3619228134151606,-0.4349232622701699,0.20750420471390418,-1.3813525213510751,0
-0.4811496547167031,1.8005610510585148,0.5688353572939736,0.45617802361080456,1
0.8056874335833959,-0.34364479825633254,0.42135112279109327,1.491442788853945,1
0.9908070941433162,0.5935585620149602,0.3321813528906455,-0.03515275110141014,1
0.4484039161867279,1.4163113144214483,-0.2733109964687858,0.12475389170499203,1
1.5820846127259487,-0.7262484717947528,0.10268752025965167,2.1079194368713203,1
-0.20656304100427206,-0.8405116551227646,-0.2731376163344368,-0.06162219328671428,0
-0.09865416847397665,-0.355023374275321,-0.5959302047610402,-0.42251979226441905,0
0.8438318985054472,-0.9849872669913344,-0.9103638110050092,-0.421962552330491,0
-1.0559520784844272,0.4546868823573055,0.5314517659988499,0.6528637165995801,0
-1.0793364564539538,-0.4595101618107216,-0.9556884000167645,-0.5745473492421557,0
-0.9688721752748537,0.5165012317143249,1.1295765692145758,-0.026962495237591005,0
-0.32399138125989624,-0.3129934885759007,-0.44841957757505785,-0.3423864344902822,0
-0.78103203888735,-0.5390179111802293,-0.21170139735489435,0.7178289571236075,0
-0.8547081629541742,0.13241261084299094,1.3519254663010454,0.7554778979555636,0
0.35633081179031767,-0.6091135622515014,0.203462857343985,0.546654733273721,0
0.8480140954760764,-0.2820463782379705,0.18278591027052155,0.3317234541411317,0
-1.1706691979440795,-0.44315075948158883,-1.144001624344826,-0.1714739223514224,0
-0.5318560389782228,1.0194531608704127,1.0346993978908317,0.4463541719234686,1
1.708795545826439,-0.7186174100186868,0.6185897842361672,-0.03444218747850518,1
1.1686210080989423,0.7354779281698101,1.8863191330713818,0.6047460327908603,1
-0.07318695543550753,-1.0497304181370346,0.18182768032431035,1.054258174625673,0
0.16344189581731422,0.7079042059058452,1.2169561571438035,0.6052758938458148,1
0.8559001364111762,0.9352173446573196,-0.22895681227418319,1.1299704977396205,1
0.11070947591620511,-0.324424516479738,-0.06718340593070071,0.48626993577843064,0
-1.5860314699482552,-0.5613804939176221,0.8921545160593773,-0.8951037053183917,0
1.4924601169688252,0.023375554716977845,0.4969790563902172,-0.04671410783523222,1
-1.0707377156285132,0.22828826500884947,-1.4568154232396529,-0.34312367780866293,0
0.3737683069391097,0.941586754059373,0.45248706803712485,1.2698705580207763,1
0.9741819273920304,1.6340275366400605,1.2912031838432037,-0.5637493296919083,1
-0.007576440916281353,0.7813121604559015,-0.8282577738916379,-0.03139928229110825,0
1.4503859669231667,-0.6542000932258635,0.6465365699618447,0.0031952101008859563,1
1.2037040637820473,-0.7784677602003754,-0.9419236626401848,-1.02469104278852,0
0.5704706576602492,0.18059397553159917,0.002204774849018709,1.1660001226142171,1
-0.7918500017253376,-0.33468574011690744,-0.15896213021258987,-1.0639620983677656,0
0.4296425464904478,0.34576188059949514,0.506504698025787,-0.4223553347084612,0
-1.699506321869865,-0.9916199259774823,-0.50106307986809,-1.1882367770444222,0
1.2902741216404812,1.3173412450854194,0.37860141026385674,0.8579418962712836,1
-0.1536060249728064,0.4513880780317263,0.1812249551376542,-0.29775391161984194,0
0.6540494513680826,0.20780007131095446,-0.7981292417025988,-0.1494163538997053,0
0.3415490174101502,-0.06220067253841627,0.5367507469344761,0.7674443506054645,1
0.26287120226692257,1.3714064834252597,-0.5518525784668021,0.4995310079481724,1
-0.323828746566152,-1.1688099487191967,-0.266756807230617,-0.5421404938933506,0
1.3507416878885337,1.1712409435594473,-0.17783030269108901,-0.22524754489881832,1
-0.08132745005749423,0.06880881138663014,-0.23735558023378123,0.8667750575250542,0
-1.5084146061411743,-1.6779944046204884,-0.6283708888542181,-2.281387539568465,0
0.15546359677072522,-1.048440873393342,-0.024755714488952307,0.5902606319000923,0
0.3400316674628362,0.8426754196157741,-0.2553565320106751,-0.2795978377399688,0
-0.13213124305457058,1.7347906372768018,0.9550724106934319,0.6282532207502138,1
1.8112858470028204,0.816222807226522,1.092479144918649,1.2041120570548822,1
-0.8354372419099274,-0.8370118337084977,0.8486487288544119,-1.0818301973334667,0
-0.7606474210397841,1.282449598949615,-0.9557882178362026,1.256124409869616,0
1.4830166276327348,1.0885440061927985,1.193405714237332,0.28597617797485153,1
-0.8025439795191611,0.21452146441728334,-0.7752848556849713,-0.013409813746719922,0
0.8994837522370716,-0.36951227493265665,-0.07842187744397888,0.5329767336681948,1
-2.47471905077049,-0.9330180032480202,-0.31338838023736937,0.2140280049109155,0
0.22952503782149036,0.0833165170770842,1.2871977233669798,-0.06577618150960456,0
-0.2172332779768813,-1.009216370415393,-0.7856502185067954,0.0786546061442752,0
-1.2683703495045964,-0.872053324925304,-0.5489504475082829,0.07483696936778486,0
-1.4047978415556426,-0.8116460382981022,-1.6298821513442767,-0.7880275042529606,0
0.37590750597321243,-0.823094268866327,0.42296677137398575,-0.3512207198998197,0
-0.8126729875527878,-1.153967427118156,-1.7340486429325916,0.34805065781154915,0
0.8996093231286661,1.2855933305455487,1.192093759317431,0.5271817256921439,1
1.1363054477946757,0.5056773377613325,1.7833526082511795,1.7823119722874996,1
-2.0695491739872,-0.7416618650114166,-1.4004944890500028,-1.2868519829702545,0
0.9763867000420303,-0.28669188578563315,-0.7898336487823387,-0.7018672336133489,0
-0.42560186859135796,0.37249694987447746,-1.3451356984576606,0.5923608002165066,0
0.48633026054841955,0.563280737897897,-0.08470544402833896,0.12994678946737265,0
0.4973003797791225,0.4082769303030297,0.8201469494583371,0.47174880488143905,1
0.07460002370635856,0.3735705510845472,0.3667767151471326,-0.2409192963693677,0
-1.1225018693559816,0.14390105800265363,0.763706174060943,-0.3709976417063157,0
-0.5140386309387013,-0.8474021627789399,-0.7978176526513884,-1.066477923002734,0
-0.007941195817884272,-0.6941472185850561,0.6399518813471811,-1.262579921936498,0
0.951302110268479,0.9869520753801242,0.32737964051640533,1.4211505156847584,1
-1.1709508768128487,-2.108778724603228,-1.0361651697226932,-0.2359157037027832,0
0.6536034832911666,1.7938983273197433,1.9771521161380656,3.128567830028761,1
-0.7567729151316058,-0.38345390566308446,-1.4240134746884419,-0.38719987246173104,0
0.5819737010692362,-1.323202819259362,-0.09181479256522496,-1.8600111356808564,0
-0.07192377327929889,-1.3337322490741916,0.1366112585537433,-0.7186547857166561,0
-0.5035166215290782,0.7941778098484573,-0.35211702873541145,0.8075616964020071,0
0.364750424445052,0.039688633277804614,-0.6263557219919325,0.6892230326413283,0
0.2654921816420454,-0.8648519009910213,-0.6153635235320762,-0.024671621517827775,0
-1.0270234216026277,0.641455912041535,0.47773630671242395,1.8568428153580376,1
0.05604490674644131,0.1404271714572803,0.8135761987096805,-0.23267544050375139,0
-0.6628614274390108,0.7236655929543742,0.6154415973111368,0.2742935816577279,0
0.02007150680047265,-2.280966189964532,-2.6429017646366724,-1.4742077846461659,0
-1.17581983615804,-0.7304542620687533,-1.0378192875262142,0.8013543795972167,0
-0.21297813788106668,-0.9302274035042168,0.5277541860533882,0.05859164750067031,0
-0.17083591737932458,0.996519078648834,0.4009533643058677,0.16156247912423088,0
-1.6909468047589142,0.8157881830919693,-1.4625125943409103,-1.0602482824096242,0
0.39422222533092655,1.819101588309492,0.4147535381951023,2.254325634220776,1
-0.7368499626107754,0.8684972781193558,-1.3976692303014677,1.1182733833489458,0
0.8248164605539927,0.2186469817056514,0.2306850941416859,0.4187778980070305,1
0.534550110573397,1.2257670923696011,0.7062898388617633,1.1660658400229873,1
0.6407983512070659,0.341298939182506,-0.15866524684517597,0.005845182959249351,0
0.731806005765829,0.6548085566067025,0.04667428544608966,-0.8028362056062419,0
-1.2800503213431635,-0.9522153027353681,-1.0966939855230735,0.5874575713618574,0
-1.361926927403434,0.05946596712743324,0.5031149321329269,-1.0516649989260534,0
-0.47897917995333517,-0.9310326472546591,0.2669940658284621,0.6968200709152084,0
0.24130982312622287,1.1585378455209931,-0.4038982419166033,-1.115344003542504,0
0.17542339213774005,1.4345137104833012,0.6654063585695773,1.4289471841760646,1
0.4196040139624758,-0.7945699509713678,1.0058344864958018,-0.40419680143443004,0
0.07648981305311342,-0.9202395310228382,-0.6066144254234181,-1.060608581782258,0
-1.4243503646906817,-0.41647974144337735,0.029450431111858355,0.527982837613058,0
0.09725069259722005,0.10579879155960877,2.281226390870345,-1.2777865412354559,0
1.7720313490175204,1.8835977540476354,1.055759880371827,0.120853045080838,1
-0.15058229587207686,-0.19353796614917837,-1.4739255672180263,1.3400282518653648,0
-0.851015381786907,0.32460056143545857,-1.530827304794887,-0.1676690051827297,0
-0.01921131483648464,-0.6227320247221334,0.31038699456900004,1.5158443318501627,1
-0.3771433349957221,0.17776699912591515,0.14228240567731054,-1.104275526498392,0
-0.8480280989330646,-0.7251837123049547,-0.7699209035060504,-1.0813372239441972,0
1.3415636827714403,0.8985148145884347,1.0271417392216764,0.9593894572475763,1
0.2703013542057445,-0.773435750437327,-0.2218264264814001,-0.37497023142166064,0
1.521955669105954,-0.44292679230435267,0.23057912098083688,1.3235776281340723,1
0.3093235200411859,0.2993759554015812,-0.8661864199015872,-0.26294809447741424,0
0.3788580999548549,0.022616649097007613,0.76950462249018,0.5198652179736767,1
0.09908401017742452,0.4671774910568233,0.7877646443099364,0.937439648532439,1
0.7873333537100704,-1.185778335536551,-0.7276420601307964,0.04106433062512055,0
-0.7864540006363416,-0.4053780488542303,-0.04998612346233665,0.41659321770664487,0
-1.3097580385338832,1.9683440257001927,-0.03949893682766126,1.466342988602176,1
-0.6763478729051088,-1.1089597489383822,-0.18193758166341184,-0.17339718185628689,0
0.4508475500752109,0.9219393402241127,0.7659125369651361,-0.118582910040196,1
1.9725559184019317,-0.11122901867877921,-0.044149313687627756,0.852142785979723,1
0.8776907708487003,-0.6794724700213222,-1.1707603564143607,0.7083115633125985,0
0.7240517957417953,1.474796315532156,0.435415207490066,1.0592232149430723,1
0.06989576426057131,0.9999411515628912,2.0841825226658663,2.250745743891781,1
1.484188552134363,0.9827205661684376,1.3689803695318619,2.1311044353905517,1
-1.031818433299984,-1.1664198935629018,0.051260122826749285,0.979964318017394,0
-0.5838802271828989,-0.036812920417357745,-0.2402714484778959,0.012207884325488992,0
0.3151767013134792,0.25020882546221634,1.2129196734405556,1.6911915591754034,1
-0.3928906980538054,-0.023422319790719737,-0.7642631599858718,0.9558205868195185,0
1.1190340914594294,0.5282856525760367,0.16765093365723838,-0.5717387439977384,1
-0.7073978717867242,0.5659022567209325,0.4843709570706424,-1.0806102994455289,0
-0.1727424725531036,-0.2055268254709377,-1.1508291262494117,-1.252159277920456,0
-0.7303587541406686,-1.7606682208519564,-1.4612821898563135,-0.30105864179435116,0
0.2225479257027142,-0.24474422742533353,-0.28316373125241545,-1.0567591722996696,0
-1.1327798362353758,-0.1064965633705989,-1.8122880531799306,0.5796209932554445,0
-0.9425918749651753,-0.6927390830975613,-0.011670940213091785,-0.3921583496246885,0
0.8930059679643455,0.6898733903828101,0.8243008796782895,1.635717382769062,1
-0.1296759216213793,-0.8135544481659402,-0.5997684397830851,-1.0731427878733564,0
-0.49195545835202914,0.46483692003452437,0.7323083113767648,0.06807586610496635,0
-0.5529924335100972,0.49591667911262227,0.5150741865828454,-0.05021063710199866,0
0.04449530301519583,0.7145554507067892,1.1869512256911796,0.4797264181352108,1
0.6875034592186603,1.0131562824243674,2.3402787953313626,-0.35481613628331643,1
-1.0773265547378796,-2.3099358072802203,-2.015017322873961,-2.1781243547968314,0
-0.251653317569672,0.9634695810533032,-0.4162490701116845,0.45976274442164383,0
-1.6862924648969295,-1.3604847170296899,-0.7225522393801205,-1.1909098420183484,0
-0.4542649446591126,-0.47372823404270037,-0.46226930265327326,-2.6137325756918828,0
0.09677775106715203,-0.6195385886929294,-1.2792247377330017,-0.3509896731597982,0
0.32832824227141794,0.5523116256233855,1.476782233111075,-0.8309285407467615,1
0.5676048833182665,0.20054315387054233,-0.6903084670538546,-0.8962905476428822,0
-0.7418743511421148,-0.17055739496627798,-0.6777508952603053,-0.8286664781643144,0
0.21877635218808766,-1.4300700351263993,-1.136934180352181,0.2794179421133722,0
-1.9440352649447719,0.18522364325058302,0.8674036510911226,-0.8085659917234622,0
-0.09667913595844485,0.324548622313911,0.39786307824967193,0.8220174804150862,1
0.2623317238009109,1.7980245826599166,1.4149260323857498,-0.6353755749848682,1
0.870509866420242,0.6002922907007374,1.0615930019747704,0.03157084677095162,1
0.24187978034537494,0.10941235432920698,-0.07987928331956184,0.28368625529644775,0
1.3734809756951443,0.6334647245563367,2.1036239049574963,0.40952840819781094,1
-1.2234024249854354,-1.143925628710336,1.1826479343015035,-1.638457191453888,0
-1.8656529039492056,-0.9589714092940803,-1.5207360434273995,-0.6401747207706856,0
0.9510328690358979,0.5537246775548517,1.0944998416906597,-0.062003234917575895,1
1.7621365539876515,0.6395963150146519,1.9572619184960578,-0.30037082125988784,1
1.8921030033420743,0.5425978001541887,0.0799278523190759,0.2596643963225877,1
-0.0022339779816422656,1.0713449432507298,0.3125588422749179,-0.2875153826562925,0
-0.3416292810343252,0.9839801885517989,-0.3204160243803469,1.1281027421658247,1
-0.06010028654276034,-1.1242327491081476,0.3047583741270116,-0.5496016078658932,0
-0.4232480965769284,0.7120354274111428,0.09749306123382698,-0.19773286050453592,0
-0.06317556043570505,-2.4218462953514353,0.6090481814882575,-0.5683840866019431,0
0.15733413742932512,1.3195183846765084,-0.4499462040140918,-0.024584101817170103,0
-0.11146319189485177,1.239662780580423,1.2159627998810036,0.9948406860770139,1
-0.6392345341236215,-0.1470233138385958,-1.0401496964668948,-0.7052479877852561,0
0.4154510839986312,2.577525759105194,1.41085702718528,1.7800485791233034,1
-0.2461438868767522,-0.9059233224463323,-0.6272499571898011,-0.13627455128289986,0
-0.39259038399923374,0.8053638711099436,0.3434551348455565,0.567858943849755,1
-0.05710784449559925,-0.2597324927518754,-1.3294720291453217,-0.9635494481366013,0
0.6987421996738515,0.7634688537425559,0.36782295885985017,0.5637922100025038,1
-0.08699355749571991,-1.6062708296266295,-0.7641048130826917,-1.1579446145567314,0
-0.17044949969750492,0.29970066929593475,-0.9170124336771706,-0.8584840975606007,0
0.7099608569054803,0.0748722849384867,0.39637180408486705,-0.155502265088603,0
-0.2672597615607254,0.7182813639355623,-1.2202328011048071,-0.7025650347076006,0
0.4747711739587924,-0.21393337698732007,1.12498074988852,-0.8225804563694215,0
0.3579461814299279,0.13650115247022881,-1.4438905603228926,0.21193414837817748,0
0.8754788139313786,0.6103497588874589,1.0232049766504299,1.6068649397662573,1
-3.3151439648545837,-0.6862294039893205,-1.2344783812747666,-2.3643785841634357,0
2.206786724905597,0.7762497809862563,1.3672491323429192,1.639945598843141,1
0.2686356443653156,0.10544470084110319,0.4422168644071988,-0.15389036819708368,0
-0.6472244829398665,-0.3915728378726534,0.7840021704260847,0.45554708887519196,0
0.9717943839386929,-0.9355081167544218,1.2924057151187958,-0.5696664662559671,0
1.109267009448807,1.8547344250194318,0.784673061566013,0.35337640404860093,1
-1.4573081074406242,0.125895236529441,-0.6021458255393357,-0.3559826644050785,0
-0.7375414728533191,0.43613375726880704,0.6031070447933813,-0.5714129111885642,0
0.6365292215751494,-0.29494745941736955,0.839336230459823,-0.5200898149731213,0
-0.9231442562906202,0.10929449433644811,0.3489841247790193,-1.0507697668551597,0
-1.6764534040953234,1.0549407687891748,-0.30708372141837315,0.05732508899616098,0
0.06276451305965136,-1.1002119509100883,-0.24823426176510996,-0.7270065166661489,0
0.3139545697465772,0.3763258974211427,-0.22156552727847623,-0.36417499043730284,0
-1.9127468425867349,-2.203041655301412,-0.6577558084046573,-1.6990952689444319,0
-0.49355497397662856,0.8792948721682351,-0.03787729385982169,0.508044825502445,0
1.762121275332114,1.9968210612372777,1.7103466355145454,-0.13403244837787953,1
1.1768087074136795,-0.5335960417743941,-0.5719680148737044,-0.22725423738319694,0
0.9749409671272146,-0.48725787463044096,-0.08445664060222416,-0.48273739027838936,0
-0.09237775091730727,1.0197889951868297,0.35333424310823647,1.1655157126699183,1
0.051752739794602376,0.9195477792466916,-0.1547606979624036,0.40034645385212775,1
1.0999451569773697,1.1644726046228082,1.03639716247107,0.48687009393430847,1
-0.9040891933777784,0.4423193444507503,0.27233667897311875,3.0389273973549566,1
1.6183640332178681,0.41733155743053846,-0.5094918887539589,-0.3997245110544917,1
0.6956091769899796,0.668923265781185,0.9979128395428905,0.6156896952303782,1
-0.49543130727312434,-0.3632519486542224,-0.14054717141210718,0.6187443488604704,0
0.9478603623706313,0.9214997086010623,0.5642604099293185,0.519783344411823,1
1.9281517609815477,0.6097094193402548,1.6283627232437943,0.043881538924024216,1
-0.04205534944366681,-1.0566608155472186,0.6764386399481817,0.6533947971672027,0
-0.7533133746634724,0.0625449965297854,1.2773219437344656,-0.8835485216008142,0
-1.167367537757503,-1.1606103208419234,-1.1504511581430172,0.6202566206174774,0
1.1724218130382513,2.3023264012705775,1.8088831972498687,1.430551871905294,1
0.9930790973997715,0.4335148139042877,0.8439644282959953,0.18038570744816032,1
-0.5352662822692947,0.5637319490039303,1.4777221329817753,1.779198504925425,1
-1.4391225119686584,-0.837594852649446,-0.013854887659047077,-0.8129551371725472,0
0.44803434263163816,0.43882600753055045,1.0769327703562088,1.3393804690696527,1
-1.1048558525799377,1.2682325539272865,-0.4154153947901069,-2.1130715618918616,0
-0.7213908251036633,0.5000432459599519,0.7607174121040179,0.388570561211711,0
-0.4967069223201706,-0.6020675247838554,-1.2125046237115809,-0.18388419252525567,0
0.6095701387958922,0.8628472043653035,-0.3603353849569436,-1.1055138129300222,0
0.6526515629189094,0.3564598728936748,-0.6284973561959418,-0.14783292191138908,0
0.22715244992536843,1.6746297713579237,-0.3079250789991229,0.916812176600766,1
-0.6609362496474649,-1.4314618279126714,-1.2902949169926743,-0.3076656109579603,0
-0.6439923392658073,-0.05120112624808493,-0.2957437976168498,-0.8377079792060697,0
0.42398581679932484,-0.13870908962880135,-0.28702335816487246,-0.10211507894186855,0
1.092641007640788,1.7665938792658962,1.4943049368322157,1.7162595711169688,1
0.28467370278703186,0.2038361955630668,-0.3063607347367432,-0.6681192905696799,0
-0.21305522078860256,-0.9528158183445976,-0.20295565380864714,0.32952017085360763,0
0.21091348479065797,0.48148728451552164,-0.7156229911722697,0.09096307153329086,0
1.3620734382444135,0.5665873477093081,-0.0613715988507164,-0.7688017009521128,0
-0.5989657487153917,-1.4267409331280052,-0.15340948571513252,-0.04942139452880964,0
0.10483357529848578,-1.0847120716687662,1.447241792634619,-0.22370983199229755,0
-0.38231306593595094,1.3426132987645225,-0.41013037889252263,0.23488535801170876,0
0.5884143950720756,0.7413710693527531,0.28497922622120275,0.9460435444513925,1
0.014677786039190899,1.7160573883749146,-0.2729043918197566,0.14779498833471127,1
-0.13974819077922943,-0.0848566760423475,-0.43200274337222455,-0.044590699839589965,0
-0.4896875666769062,0.2185640774051243,-0.6777018303842607,0.4313196699342015,0
1.0041472613288067,-1.0787429078823876,-0.24070917045624957,0.7008610029582035,0
0.6426262492883633,-0.10898071826522726,-0.2693955210690121,0.0982805120953869,0
-1.3942927963199598,-0.015724424875241394,-0.7940112478162817,-0.9773728085899236,0
-0.9550722069401679,-1.276496608527622,-0.8885727252548159,-0.11701883084934117,0
-0.49081086086067194,0.5152533673055376,-0.44115976343289537,-0.4533890548738153,0
-0.7164564398508216,0.23680866892032423,-0.06364875962342897,-0.241341068168586,0
0.45948077089772543,1.3999715754841269,1.1674085713853313,1.344643758891021,1
-0.6896717678594884,-0.8007580131690462,-1.9684630570500827,0.8390238369046776,0
1.1366678033582678,1.1281182379603822,1.6311638959783403,1.0206037249718465,1
0.3088460634424895,0.6245899698806895,-0.5412858738965614,0.8216798000192789,1
-0.73704772185337,0.5622038019906279,0.5276168021043595,-0.21373238416164536,0
-1.4059357614003871,0.07348291529102427,0.20333869793901485,0.11017486450908044,0
0.4773777008149574,1.8691498543609395,1.176795996003622,0.25740830851410734,1
-0.10613915909015308,-0.2180636012962994,-0.5677962652635795,-0.025239920891889304,0
1.0816484880168467,0.8908262531182713,0.15277441415477988,0.9953021259509759,1
-0.4122353777825327,1.401441266079396,0.1988489053961064,1.0119077856490557,1
-0.5915567379920463,-0.30226206802643374,0.5862326561781486,-0.050363880800034594,0
-0.91873461869109,-1.2498931754740856,-1.28259579109741,-1.733463591690404,0
-0.6852340964681634,-0.7230564442594567,-0.6974207803829705,-0.5607642467218774,0
0.2381394738301736,-0.7359579799250295,-0.17415141115058946,0.2505447785412094,0
0.8349880155602619,1.202375994666595,0.8377429356718225,0.7554024812156285,1
0.28296730177337315,1.6759518699223885,0.4317796430508783,0.6305862764368165,1
-0.056568561793791605,0.2559909349206021,0.9539967388589334,0.18681755452116391,0
-1.2862621212758505,-1.2879036620042599,-0.24950885747295737,-0.9440561385788184,0
-0.7123288343430672,-1.6760978409738225,-1.7098180741105826,-1.332911873619009,0
0.7492268296765118,1.4134059103354701,1.4706193040478057,-0.8278664780963051,1
0.0988174851569994,0.48915466224390847,0.3727580297507873,-2.192980503830328,0
0.6649095869921688,0.13113896028142913,0.5429854475676597,-0.09896378324343993,0
0.5242501776382237,-0.3626648533552614,-0.4195759398412785,-0.23587276369978408,0
-0.3194157785975889,0.30875784873243123,-0.020286051160135765,0.6237970435808209,0
0.1243627676974206,-0.609106979220762,-0.4910716681160066,-0.9788686133572131,0
